{
    "now": "2024-07-13T16:54:31.760Z",
    "perfNow": 3100620.900000006,
    "diagnosticCorrelation": "09ed28b9-9e9a-41fb-b748-c0622021301b",
    "source": "DownloadSupportFiles",
    "environment": {
        "productName": "adf",
        "buildVersion": "1.0.062124.5",
        "environmentType": 3,
        "resourceName": "demoadfhimanshu",
        "resourceRegion": "eastus",
        "resourceGroup": "demo",
        "subscriptionId": "3a6b63c1-4cd5-4c60-93f6-cba2e1453bcb",
        "sessionId": "DbcpuwNxBfwVcd2rv8C47F",
        "operationId": "",
        "gitType": "live",
        "loggingKey": "cb05ec9d-7053-4746-b400-b7e14d890eb4"
    },
    "additionalInfo": {
        "selectedResource": "ingestion",
        "selectedResourceType": "pipeline"
    }
}