{
    "name": "sink_nyc_taxi_dataset",
    "properties": {
        "linkedServiceName": {
            "referenceName": "blob_storage_nyc_taxi",
            "type": "LinkedServiceReference"
        },
        "annotations": [],
        "type": "DelimitedText",
        "typeProperties": {
            "location": {
                "type": "AzureBlobStorageLocation",
                "fileName": "yellow_nyc_taxi_data.csv",
                "folderPath": "row_date",
                "container": "yellownyctaxi"
            },
            "columnDelimiter": ",",
            "escapeChar": "\\",
            "firstRowAsHeader": true,
            "quoteChar": "\""
        },
        "schema": []
    }
}